Metric,Value
Accuracy,0.9875
Precision,0.7415730337078652
Recall,0.9705882352941176
F1 Score,0.8407643312101911
ROC AUC,0.995455791012057
