Metric,Score
Accuracy,0.999
Precision,1.0
Recall,0.9705882352941176
F1 Score,0.9850746268656716
ROC AUC,0.9939524722932651
