Accuracy,Precision,Recall,F1 Score,ROC AUC,MCC
0.9985,1.0,0.9558823529411765,0.9774436090225563,0.9939524722932651,0.9769341660506514
